[
    {
        "id": "1",
        "name": "Start-Up",
        "category": "Birthday less than 50 guest",
        "price": 2000,
        "img": "https://images.pexels.com/photos/1857157/pexels-photo-1857157.jpeg?auto=compress&cs=tinysrgb&w=1600"
    },
    {
        "id": "2",
        "name": "Economy",
        "category": "Mehendi Events ",
        "price": 3000,
        "img": "https://images.pexels.com/photos/8751530/pexels-photo-8751530.jpeg?auto=compress&cs=tinysrgb&w=1260&h=750&dpr=1"
    },
    {
        "id": "3",
        "name": "Standard",
        "category": "Family  Wedding Events",
        "price": 4000,
        "img": "https://images.pexels.com/photos/4091281/pexels-photo-4091281.jpeg?auto=compress&cs=tinysrgb&w=600&lazy=load"
    },
    {
        "id": "4",
        "name": "Classic",
        "category": "Classic Wedding Events",
        "price": 4000,
        "img": "https://images.pexels.com/photos/1024968/pexels-photo-1024968.jpeg?auto=compress&cs=tinysrgb&w=1600"
    },
    {
        "id": "5",
        "name": "Premium",
        "category": "Videography",
        "price": 5000,
        "img": "https://images.pexels.com/photos/1444442/pexels-photo-1444442.jpeg?auto=compress&cs=tinysrgb&w=1260&h=750&dpr=1"
    },
    {
        "id": "6",
        "name": "SIgnature",
        "category": "Cinematography",
        "price": 8000,
        "img": "https://images.pexels.com/photos/6685157/pexels-photo-6685157.jpeg?auto=compress&cs=tinysrgb&w=1260&h=750&dpr=1"
    }
]